feature,number_of_appearances_in_top20,selection_frequency
APP_EXT_SOURCES_MEAN,10,1.0
CODE_GENDER,10,1.0
POS_COMPLETION_RATE_MEAN,10,1.0
APP_PAYMENT_RATE,10,1.0
DERIVED_PAYMENT_DISCIPLINE_SCORE,10,1.0
APP_GOODS_TO_CREDIT_RATIO,10,1.0
NAME_EDUCATION_TYPE,10,1.0
AMT_ANNUITY,10,1.0
INST_AMT_PAYMENT_SUM,10,1.0
BURO_DEBT_TO_CREDIT_RATIO,10,1.0
OWN_CAR_AGE,10,1.0
DERIVED_TOTAL_PAID_TO_INCOME_RATIO,10,1.0
PREV_REFUSAL_RATE,10,1.0
AMT_GOODS_PRICE,10,1.0
APP_EMPLOYED_YEARS,10,1.0
APP_ANNUITY_TO_INCOME_PERCENT,10,1.0
CC_CNT_DRAWINGS_CURRENT_MEAN,10,1.0
PREV_CNT_PAYMENT_MEAN,10,1.0
NAME_FAMILY_STATUS,10,1.0
PREV_APPLICATION_TO_CREDIT_RATIO,9,0.9
DAYS_BIRTH,1,0.1
