feature,mean_abs_shap,mean_shap,shap_rank
APP_EXT_SOURCES_MEAN,0.444027,-0.084548,1
CODE_GENDER,0.120056,-0.018217,2
POS_COMPLETION_RATE_MEAN,0.118352,-0.008461,3
APP_PAYMENT_RATE,0.106158,-0.026535,4
DERIVED_PAYMENT_DISCIPLINE_SCORE,0.103854,-0.012395,5
APP_GOODS_TO_CREDIT_RATIO,0.097423,-0.009578,6
NAME_EDUCATION_TYPE,0.090243,-0.008785,7
AMT_ANNUITY,0.088771,-0.000989,8
INST_AMT_PAYMENT_SUM,0.075377,-0.008354,9
BURO_DEBT_TO_CREDIT_RATIO,0.074259,-0.010415,10
OWN_CAR_AGE,0.071852,-0.004804,11
DERIVED_TOTAL_PAID_TO_INCOME_RATIO,0.060542,-0.003561,12
PREV_REFUSAL_RATE,0.055272,-0.007147,13
AMT_GOODS_PRICE,0.054314,-0.009953,14
APP_EMPLOYED_YEARS,0.053841,-0.008295,15
APP_ANNUITY_TO_INCOME_PERCENT,0.052481,0.000132,16
CC_CNT_DRAWINGS_CURRENT_MEAN,0.051071,-0.0117,17
PREV_CNT_PAYMENT_MEAN,0.050138,-0.005158,18
NAME_FAMILY_STATUS,0.0492,-0.002807,19
PREV_APPLICATION_TO_CREDIT_RATIO,0.045936,-0.006175,20
DAYS_BIRTH,0.045754,0.003055,21
EXT_SOURCE_3,0.044365,-0.010575,22
EXT_SOURCE_1,0.044068,-0.005742,23
DAYS_ID_PUBLISH,0.043007,-0.006744,24
APP_EXT_SOURCES_MIN,0.042577,-0.012002,25
POS_MONTHS_BALANCE_MAX,0.041383,-0.003279,26
PREV_AMT_DOWN_PAYMENT_SUM,0.040556,-0.003679,27
BURO_DAYS_CREDIT_ENDDATE_MAX,0.040466,0.001995,28
BURO_ACTIVE_COUNT,0.038799,-0.009312,29
INST_DELAY_MAX,0.038106,-0.004999,30
BURO_DAYS_CREDIT_MAX,0.036162,-0.006147,31
APP_EXT_SOURCES_MAX,0.035751,0.003463,32
ORGANIZATION_TYPE,0.034809,-0.002876,33
POS_MONTHS_BALANCE_MIN,0.034331,9.2e-05,34
INST_DAYS_ENTRY_PAYMENT_MAX,0.033829,-0.002116,35
NAME_INCOME_TYPE,0.033601,-0.003874,36
INST_AMT_PAYMENT_MAX,0.032586,-0.002685,37
REGION_RATING_CLIENT_W_CITY,0.03226,-0.007421,38
REGION_POPULATION_RELATIVE,0.031714,0.000744,39
DAYS_EMPLOYED,0.030514,-0.005143,40
FLAG_DOCUMENT_3,0.030103,-0.002721,41
INST_LATE_RATE,0.030031,-0.004673,42
DEF_30_CNT_SOCIAL_CIRCLE,0.028697,-0.001715,43
PREV_AMT_ANNUITY_MEAN,0.027696,-0.001741,44
OCCUPATION_TYPE,0.027092,-0.002579,45
APP_AGE_YEARS,0.026537,0.000306,46
INST_PAYMENT_RATIO,0.026072,-0.004217,47
AMT_CREDIT,0.025449,-6.9e-05,48
FLAG_WORK_PHONE,0.02459,-0.001747,49
CC_UTILIZATION_MEAN,0.024459,-0.006746,50
APP_EXT_SOURCES_PROD,0.024455,-0.0106,51
APP_DOCUMENT_FLAGS_COUNT,0.024281,-0.00067,52
APP_DAYS_EMPLOYED_TO_BIRTH_RATIO,0.024149,-0.003749,53
CC_UTILIZATION_MAX,0.023654,-0.005881,54
PREV_CNT_PAYMENT_SUM,0.022805,-0.001739,55
DAYS_REGISTRATION,0.022693,-0.003515,56
BURO_AMT_CREDIT_SUM_DEBT_MEAN,0.022319,-0.003001,57
BURO_DAYS_CREDIT_MEAN,0.022237,-0.004017,58
POS_SK_DPD_DEF_MAX,0.022165,-0.001795,59
CC_AMT_PAYMENT_TOTAL_SUM,0.021569,-0.000423,60
BURO_BAL_DPD_RATIO_MEAN,0.021097,-0.000936,61
POS_CNT_INSTALMENT_FUTURE_MEAN,0.020126,-0.003778,62
DAYS_LAST_PHONE_CHANGE,0.019924,-0.002999,63
APP_EXT_SOURCE_2_TO_3_RATIO,0.019791,0.000851,64
BURO_AMT_CREDIT_SUM_MAX,0.019547,-0.006195,65
DERIVED_BURO_TO_CURRENT_CREDIT_RATIO,0.01858,-0.004276,66
BURO_AMT_CREDIT_SUM_SUM,0.018407,0.00229,67
BURO_AMT_CREDIT_SUM_MEAN,0.018249,-0.004014,68
CC_AMT_DRAWINGS_ATM_SUM,0.018048,-0.000112,69
EXT_SOURCE_2,0.017572,-0.007453,70
AMT_REQ_CREDIT_BUREAU_QRT,0.017391,-0.000324,71
APP_INCOME_TO_EMPLOYED_RATIO,0.015656,-6e-05,72
CC_AMT_CREDIT_LIMIT_MEAN,0.014931,-0.004474,73
LIVINGAREA_MEDI,0.014669,-0.001612,74
REG_CITY_NOT_LIVE_CITY,0.014014,-0.002693,75
INST_DELAY_MIN,0.013691,0.000127,76
BURO_DAYS_CREDIT_MIN,0.013398,-0.002303,77
CC_AMT_BALANCE_MAX,0.013357,-0.002161,78
APP_EXT_SOURCE_1_TO_2_RATIO,0.013156,0.001215,79
APP_CREDIT_PER_PERSON,0.012555,0.00046,80
WEEKDAY_APPR_PROCESS_START,0.012545,-2.8e-05,81
BURO_BAL_STATUS_0_SUM,0.012387,-0.001065,82
DERIVED_TOTAL_DEBT_TO_INCOME_RATIO,0.01235,-0.001002,83
POS_MONTHS_COUNT,0.0123,0.000354,84
PREV_RATE_DOWN_PAYMENT_MEAN,0.012297,-0.000583,85
PREV_AMT_CREDIT_MEAN,0.012201,0.000186,86
INST_AMT_SHORTFALL_SUM,0.011593,-0.001968,87
PREV_DAYS_DECISION_MEAN,0.010511,0.000308,88
BURO_ACTIVE_RATIO,0.010238,-0.001432,89
PREV_LAST_DUE_SENTINEL_SUM,0.01018,-0.000174,90
APP_EXT_SOURCES_RANGE,0.00979,0.001265,91
DERIVED_PREV_APPROVED_TO_CURRENT_CREDIT_RATIO,0.009551,1.7e-05,92
APP_INCOME_PER_FAMILY_MEMBER,0.009363,0.000678,93
PREV_DAYS_DECISION_MAX,0.009315,-0.000921,94
POS_ACTIVE_MONTH_COUNT,0.008795,0.000121,95
ENTRANCES_MEDI,0.008788,4e-05,96
PREV_APPROVAL_RATE,0.008413,-0.000973,97
CC_AMT_PAYMENT_TOTAL_MEAN,0.007893,0.001079,98
POS_CNT_INSTALMENT_MEAN,0.007688,-0.000216,99
FLAG_PHONE,0.007362,-0.000363,100
AMT_INCOME_TOTAL,0.006961,0.000786,101
INST_AMT_PAYMENT_MEAN,0.006903,-0.000489,102
PREV_AMT_ANNUITY_SUM,0.006705,-0.002275,103
BURO_AMT_CREDIT_SUM_DEBT_SUM,0.006667,0.002445,104
APP_INCOME_PER_CHILD,0.006588,-0.000817,105
PREV_DAYS_DECISION_MIN,0.006557,0.000621,106
INST_DELAY_MEAN,0.006357,0.00039,107
BURO_AMT_ANNUITY_MEAN,0.00617,0.00015,108
PREV_AMT_CREDIT_MAX,0.006143,0.000977,109
YEARS_BEGINEXPLUATATION_MEDI,0.006037,-0.001269,110
INST_NUM_INSTALMENT_VERSION_MAX,0.005868,-0.001013,111
OBS_60_CNT_SOCIAL_CIRCLE,0.00584,-0.000138,112
PREV_REFUSED_COUNT,0.005719,-0.000812,113
CC_MONTHS_COUNT,0.005597,0.000314,114
PREV_AMT_APPLICATION_MAX,0.005459,0.00061,115
HOUR_APPR_PROCESS_START,0.005413,-0.000111,116
YEARS_BUILD_MODE,0.005173,-0.000965,117
LIVE_CITY_NOT_WORK_CITY,0.005117,0.00082,118
PREV_AMT_CREDIT_SUM,0.005046,0.00011,119
PREV_APPLICATION_COUNT,0.004891,0.00017,120
APARTMENTS_MODE,0.004779,-0.000353,121
INST_RECORD_COUNT,0.004772,0.000733,122
DEF_60_CNT_SOCIAL_CIRCLE,0.004642,-0.000442,123
APP_CREDIT_TO_INCOME_RATIO,0.004474,0.002042,124
TOTALAREA_MODE,0.004303,-0.000612,125
POS_SK_DPD_MEAN,0.004265,0.000465,126
NONLIVINGAREA_MODE,0.004252,-0.000594,127
FLOORSMAX_MODE,0.004161,-0.000881,128
BURO_RECORD_COUNT,0.004143,0.000254,129
LANDAREA_MODE,0.004113,-0.000128,130
PREV_AMT_APPLICATION_SUM,0.003995,-0.00036,131
WALLSMATERIAL_MODE,0.003983,0.000132,132
INST_AMT_INSTALMENT_SUM,0.00393,0.001677,133
CC_RECORD_COUNT,0.003887,-0.001445,134
BURO_BAL_MONTH_COUNT_MEAN,0.003873,-9.2e-05,135
CC_AMT_DRAWINGS_CURRENT_MAX,0.0035,4e-05,136
BURO_BAL_DPD_COUNT_SUM,0.003496,-0.000208,137
CC_AMT_TOTAL_RECEIVABLE_MAX,0.00347,-0.000922,138
CC_AMT_CREDIT_LIMIT_MAX,0.003468,0.003415,139
POS_DPD_MONTH_COUNT,0.003327,0.000195,140
BURO_AMT_CREDIT_SUM_OVERDUE_MAX,0.003165,-0.000617,141
AMT_REQ_CREDIT_BUREAU_YEAR,0.003123,0.000173,142
BASEMENTAREA_MODE,0.003027,0.000655,143
NONLIVINGAPARTMENTS_MODE,0.002992,0.000512,144
BURO_AMT_ANNUITY_SUM,0.002968,0.000104,145
YEARS_BEGINEXPLUATATION_MODE,0.002917,0.000123,146
FLOORSMAX_MEDI,0.002859,-0.000654,147
PREV_APPROVED_COUNT,0.002812,-0.000718,148
LIVINGAREA_AVG,0.002756,-0.000134,149
INST_LATE_COUNT,0.002742,-0.000187,150
APP_INCOME_TO_CREDIT_RATIO,0.002738,-0.000127,151
BURO_BAL_MONTH_COUNT_SUM,0.002676,0.00021,152
APARTMENTS_AVG,0.002639,-1.9e-05,153
COMMONAREA_MEDI,0.00257,-0.000214,154
POS_RECORD_COUNT,0.002473,6.4e-05,155
NAME_HOUSING_TYPE,0.00243,-0.00062,156
POS_SK_DPD_MAX,0.002408,0.000403,157
BASEMENTAREA_AVG,0.002406,-0.001352,158
FLOORSMIN_MODE,0.002371,0.000223,159
FLOORSMIN_MEDI,0.00237,-0.000287,160
CC_DPD_MONTH_COUNT,0.00236,-0.000388,161
APARTMENTS_MEDI,0.002344,0.000114,162
FLOORSMAX_AVG,0.002313,0.000287,163
CNT_FAM_MEMBERS,0.002232,0.000128,164
PREV_AMT_APPLICATION_MEAN,0.002229,-0.000572,165
INST_UNDERPAID_RATE,0.002026,6.1e-05,166
APP_MISSING_COUNT,0.002017,0.000125,167
LIVINGAREA_MODE,0.002006,-0.000143,168
BASEMENTAREA_MEDI,0.00194,0.001491,169
CC_AMT_DRAWINGS_CURRENT_SUM,0.001921,0.001228,170
NONLIVINGAPARTMENTS_AVG,0.001796,0.000155,171
POS_SIGNED_MONTH_COUNT,0.001767,-1e-06,172
FLAG_DOCUMENT_18,0.001765,-2.6e-05,173
LANDAREA_AVG,0.001737,-7.4e-05,174
CC_AMT_BALANCE_MEAN,0.001723,0.000895,175
NONLIVINGAPARTMENTS_MEDI,0.001681,9.6e-05,176
CC_AMT_BALANCE_MIN,0.001644,-0.000391,177
CNT_CHILDREN,0.001627,4.6e-05,178
BURO_CNT_CREDIT_PROLONG_SUM,0.001597,3.7e-05,179
AMT_REQ_CREDIT_BUREAU_MON,0.001577,6e-05,180
INST_UNDERPAID_COUNT,0.001562,-0.000153,181
BURO_BAL_STATUS_C_SUM,0.001561,0.000212,182
YEARS_BEGINEXPLUATATION_AVG,0.001493,-0.000137,183
BURO_AMT_CREDIT_SUM_OVERDUE_SUM,0.001483,-0.000458,184
BURO_CLOSED_COUNT,0.001475,-0.000203,185
PREV_TERMINATION_SENTINEL_SUM,0.001459,-0.000179,186
LIVINGAPARTMENTS_MEDI,0.001437,0.000176,187
BURO_OVERDUE_TO_CREDIT_RATIO,0.001412,7.5e-05,188
ELEVATORS_AVG,0.001366,-0.000173,189
NONLIVINGAREA_AVG,0.001353,-0.000248,190
FLAG_DOCUMENT_8,0.001298,4e-06,191
CC_SK_DPD_MEAN,0.00128,0.000381,192
DERIVED_CARD_UTILIZATION_BURDEN,0.001266,0.000155,193
FLOORSMIN_AVG,0.001264,-1.2e-05,194
PREV_CANCELED_COUNT,0.001241,0.000148,195
COMMONAREA_MODE,0.001229,-0.000259,196
POS_COMPLETED_MONTH_COUNT,0.001218,-2.1e-05,197
LANDAREA_MEDI,0.001164,5.2e-05,198
NAME_CONTRACT_TYPE,0.001112,-0.000264,199
NONLIVINGAREA_MEDI,0.001101,-9.6e-05,200
LIVINGAPARTMENTS_MODE,0.001043,0.000399,201
APP_CHILDREN_TO_FAMILY_RATIO,0.000963,-8.6e-05,202
FLAG_DOCUMENT_6,0.000935,0.000449,203
AMT_REQ_CREDIT_BUREAU_WEEK,0.000881,2.1e-05,204
YEARS_BUILD_AVG,0.000863,5.1e-05,205
FLAG_DOCUMENT_13,0.000808,-0.000183,206
CC_CNT_DRAWINGS_CURRENT_SUM,0.000794,0.000244,207
COMMONAREA_AVG,0.000674,-7.7e-05,208
CC_SK_DPD_DEF_MAX,0.000644,-0.000104,209
LIVINGAPARTMENTS_AVG,0.000546,8.8e-05,210
FLAG_DOCUMENT_11,0.000533,-6.5e-05,211
NAME_TYPE_SUITE,0.000512,6e-06,212
REG_CITY_NOT_WORK_CITY,0.000512,4.9e-05,213
ENTRANCES_MODE,0.000449,0.000104,214
ENTRANCES_AVG,0.000338,0.000129,215
OBS_30_CNT_SOCIAL_CIRCLE,0.000322,-0.000115,216
FLAG_OWN_REALTY,0.000306,0.000105,217
CC_SK_DPD_MAX,0.00019,-6.6e-05,218
AMT_REQ_CREDIT_BUREAU_DAY,0.0,0.0,219
EMERGENCYSTATE_MODE,0.0,0.0,220
DERIVED_OVERALL_OVERDUE_FLAG,0.0,0.0,221
AMT_REQ_CREDIT_BUREAU_HOUR,0.0,0.0,222
APP_ANNUITY_TO_INCOME_RATIO,0.0,0.0,223
APP_MISSING_RATIO,0.0,0.0,224
FLAG_DOCUMENT_17,0.0,0.0,225
FLAG_DOCUMENT_16,0.0,0.0,226
FLAG_DOCUMENT_15,0.0,0.0,227
FLAG_DOCUMENT_14,0.0,0.0,228
FLAG_DOCUMENT_12,0.0,0.0,229
FLAG_DOCUMENT_10,0.0,0.0,230
FLAG_CONT_MOBILE,0.0,0.0,231
FLAG_DAYS_EMPLOYED_SENTINEL,0.0,0.0,232
FLAG_CODE_GENDER_XNA,0.0,0.0,233
ELEVATORS_MEDI,0.0,0.0,234
ELEVATORS_MODE,0.0,0.0,235
FLAG_DOCUMENT_20,0.0,0.0,236
FLAG_DOCUMENT_9,0.0,0.0,237
FLAG_OWN_CAR,0.0,0.0,238
FONDKAPREMONT_MODE,0.0,0.0,239
HOUSETYPE_MODE,0.0,0.0,240
LIVE_REGION_NOT_WORK_REGION,0.0,0.0,241
FLAG_MOBIL,0.0,0.0,242
FLAG_EMP_PHONE,0.0,0.0,243
FLAG_EMAIL,0.0,0.0,244
FLAG_ORGANIZATION_TYPE_XNA,0.0,0.0,245
FLAG_DOCUMENT_7,0.0,0.0,246
FLAG_DOCUMENT_4,0.0,0.0,247
FLAG_DOCUMENT_5,0.0,0.0,248
FLAG_DOCUMENT_19,0.0,0.0,249
FLAG_DOCUMENT_2,0.0,0.0,250
FLAG_DOCUMENT_21,0.0,0.0,251
PREV_UNUSED_OFFER_COUNT,0.0,0.0,252
REG_REGION_NOT_WORK_REGION,0.0,0.0,253
REG_REGION_NOT_LIVE_REGION,0.0,0.0,254
REGION_RATING_CLIENT,0.0,0.0,255
YEARS_BUILD_MEDI,0.0,0.0,256
