threshold,tn,fp,fn,tp,cost_1_1,total_cost_1_1,cost_1_2,total_cost_1_2,cost_1_5,total_cost_1_5,cost_1_10,total_cost_1_10
0.05,22984,19419,553,3171,0.432979,19972,0.444967,20525,0.480933,22184,0.540876,24949
0.06,25928,16475,700,3024,0.372342,17175,0.387517,17875,0.433044,19975,0.508921,23475
0.07,28279,14124,883,2841,0.325341,15007,0.344484,15890,0.401912,18539,0.497626,22954
0.08,30213,12190,1031,2693,0.286622,13221,0.308973,14252,0.376027,17345,0.487784,22500
0.09,31854,10549,1181,2543,0.254298,11730,0.279901,12911,0.356711,16454,0.484727,22359
0.1,33191,9212,1326,2398,0.228456,10538,0.257203,11864,0.343443,15842,0.487177,22472
0.11,34300,8103,1438,2286,0.206842,9541,0.238017,10979,0.331541,15293,0.487415,22483
0.12,35237,7166,1546,2178,0.18887,8712,0.222386,10258,0.322935,14896,0.490515,22626
0.13,36051,6352,1660,2064,0.173694,8012,0.209682,9672,0.317645,14652,0.497583,22952
0.14,36759,5644,1771,1953,0.160752,7415,0.199146,9186,0.314328,14499,0.506298,23354
0.15,37381,5022,1899,1825,0.150042,6921,0.191211,8820,0.314718,14517,0.520563,24012
0.16,37944,4459,1981,1743,0.139615,6440,0.182561,8421,0.311401,14364,0.526134,24269
0.17,38429,3974,2083,1641,0.131311,6057,0.176469,8140,0.311943,14389,0.537733,24804
0.18,38817,3586,2166,1558,0.124699,5752,0.171657,7918,0.312528,14416,0.547315,25246
0.19,39169,3234,2260,1464,0.119106,5494,0.168101,7754,0.315087,14534,0.560062,25834
0.2,39462,2941,2349,1375,0.114683,5290,0.165608,7639,0.318382,14686,0.573005,26431
0.21,39749,2654,2423,1301,0.110066,5077,0.162595,7500,0.320181,14769,0.582826,26884
0.22,39993,2410,2486,1238,0.106142,4896,0.160036,7382,0.32172,14840,0.591194,27270
0.23,40208,2195,2562,1162,0.103128,4757,0.158671,7319,0.325298,15005,0.603009,27815
0.24,40401,2002,2637,1087,0.10057,4639,0.157738,7276,0.329243,15187,0.615084,28372
0.25,40599,1804,2694,1030,0.097513,4498,0.155917,7192,0.331129,15274,0.623149,28744
0.26,40758,1645,2761,963,0.095519,4406,0.155375,7167,0.334945,15450,0.634227,29255
0.27,40909,1494,2815,909,0.093416,4309,0.154443,7124,0.337525,15569,0.64266,29644
0.28,41016,1387,2878,846,0.092462,4265,0.154855,7143,0.342034,15777,0.653999,30167
0.29,41163,1240,2928,796,0.090359,4168,0.153836,7096,0.344267,15880,0.661652,30520
0.3,41271,1132,2968,756,0.088885,4100,0.153229,7068,0.346261,15972,0.667982,30812
0.31,41367,1036,3021,703,0.087953,4057,0.153446,7078,0.349925,16141,0.677391,31246
0.32,41482,921,3055,669,0.086197,3976,0.152427,7031,0.351118,16196,0.682269,31471
0.33,41565,838,3092,632,0.0852,3930,0.152232,7022,0.353329,16298,0.68849,31758
0.34,41643,760,3132,592,0.084376,3892,0.152275,7024,0.355974,16420,0.695471,32080
0.35,41709,694,3165,559,0.08366,3859,0.152275,7024,0.35812,16519,0.701195,32344
0.36,41763,640,3198,526,0.083205,3838,0.152535,7036,0.360526,16630,0.707178,32620
0.37,41817,586,3239,485,0.082923,3825,0.153142,7064,0.3638,16781,0.714896,32976
0.38,41875,528,3268,456,0.082295,3796,0.153142,7064,0.365686,16868,0.719925,33208
0.39,41935,468,3296,428,0.081601,3764,0.153056,7060,0.36742,16948,0.724695,33428
0.4,41985,418,3318,406,0.080994,3736,0.152926,7054,0.368721,17008,0.72838,33598
0.41,42026,377,3341,383,0.080604,3718,0.153034,7059,0.370325,17082,0.732478,33787
0.42,42073,330,3372,352,0.080257,3702,0.153359,7074,0.372667,17190,0.738179,34050
0.43,42090,313,3392,332,0.080322,3705,0.153858,7097,0.374466,17273,0.742147,34233
0.44,42118,285,3418,306,0.080278,3703,0.154378,7121,0.376677,17375,0.747176,34465
0.45,42142,261,3444,280,0.080322,3705,0.154985,7149,0.378975,17481,0.752293,34701
0.46,42177,226,3461,263,0.079931,3687,0.154963,7148,0.380059,17531,0.755219,34836
0.47,42196,207,3476,248,0.079845,3683,0.155202,7159,0.381273,17587,0.758059,34967
0.48,42222,181,3493,231,0.07965,3674,0.155375,7167,0.382553,17646,0.761181,35111
0.49,42246,157,3508,216,0.079455,3665,0.155505,7173,0.383658,17697,0.763913,35237
0.5,42267,136,3531,193,0.079498,3667,0.156047,7198,0.385696,17791,0.768444,35446
0.51,42280,123,3545,179,0.07952,3668,0.156373,7213,0.386932,17848,0.771197,35573
0.52,42289,114,3557,167,0.079585,3671,0.156698,7228,0.388037,17899,0.773603,35684
0.53,42297,106,3573,151,0.079758,3679,0.157218,7252,0.389598,17971,0.776899,35836
0.54,42308,95,3587,137,0.079823,3682,0.157587,7269,0.390877,18030,0.779695,35965
0.55,42322,81,3602,122,0.079845,3683,0.157934,7285,0.3922,18091,0.782644,36101
0.56,42331,72,3608,116,0.07978,3680,0.157999,7288,0.392655,18112,0.783749,36152
0.57,42342,61,3617,107,0.079736,3678,0.15815,7295,0.393392,18146,0.785462,36231
0.58,42352,51,3628,96,0.079758,3679,0.15841,7307,0.394368,18191,0.78763,36331
0.59,42355,48,3636,88,0.079866,3684,0.158692,7320,0.39517,18228,0.789299,36408
0.6,42359,44,3645,79,0.079975,3689,0.158996,7334,0.396059,18269,0.791164,36494
0.61,42363,40,3651,73,0.080018,3691,0.159169,7342,0.396622,18295,0.792378,36550
0.62,42365,38,3659,65,0.080148,3697,0.159473,7356,0.397446,18333,0.794069,36628
0.63,42371,32,3666,58,0.08017,3698,0.159646,7364,0.398075,18362,0.795456,36692
0.64,42376,27,3673,51,0.080213,3700,0.159841,7373,0.398725,18392,0.796865,36757
0.65,42383,20,3674,50,0.080083,3694,0.159733,7368,0.398682,18390,0.79693,36760
0.66,42387,16,3678,46,0.080083,3694,0.15982,7372,0.399029,18406,0.797711,36796
0.67,42393,10,3684,40,0.080083,3694,0.15995,7378,0.399549,18430,0.798881,36850
0.68,42393,10,3693,31,0.080278,3703,0.16034,7396,0.400525,18475,0.800832,36940
0.69,42395,8,3694,30,0.080257,3702,0.16034,7396,0.40059,18478,0.801006,36948
0.7,42397,6,3699,25,0.080322,3705,0.160513,7404,0.401088,18501,0.802047,36996
0.71,42397,6,3700,24,0.080343,3706,0.160557,7406,0.401197,18506,0.802263,37006
0.72,42399,4,3703,21,0.080365,3707,0.160643,7410,0.401479,18519,0.80287,37034
0.73,42399,4,3705,19,0.080408,3709,0.16073,7414,0.401695,18529,0.803304,37054
0.74,42400,3,3706,18,0.080408,3709,0.160752,7415,0.401782,18533,0.803499,37063
0.75,42401,2,3710,14,0.080473,3712,0.160904,7422,0.402194,18552,0.804345,37102
0.76,42402,1,3711,13,0.080473,3712,0.160925,7423,0.402281,18556,0.80454,37111
0.77,42402,1,3712,12,0.080495,3713,0.160969,7425,0.402389,18561,0.804756,37121
0.78,42402,1,3715,9,0.08056,3716,0.161099,7431,0.402714,18576,0.805407,37151
0.79,42402,1,3716,8,0.080582,3717,0.161142,7433,0.402823,18581,0.805624,37161
0.8,42402,1,3718,6,0.080625,3719,0.161229,7437,0.403039,18591,0.806057,37181
0.81,42403,0,3720,4,0.080647,3720,0.161294,7440,0.403235,18600,0.806469,37200
0.82,42403,0,3722,2,0.08069,3722,0.161381,7444,0.403451,18610,0.806903,37220
0.83,42403,0,3722,2,0.08069,3722,0.161381,7444,0.403451,18610,0.806903,37220
0.84,42403,0,3722,2,0.08069,3722,0.161381,7444,0.403451,18610,0.806903,37220
0.85,42403,0,3722,2,0.08069,3722,0.161381,7444,0.403451,18610,0.806903,37220
0.86,42403,0,3723,1,0.080712,3723,0.161424,7446,0.40356,18615,0.807119,37230
0.87,42403,0,3723,1,0.080712,3723,0.161424,7446,0.40356,18615,0.807119,37230
0.88,42403,0,3723,1,0.080712,3723,0.161424,7446,0.40356,18615,0.807119,37230
0.89,42403,0,3723,1,0.080712,3723,0.161424,7446,0.40356,18615,0.807119,37230
0.9,42403,0,3723,1,0.080712,3723,0.161424,7446,0.40356,18615,0.807119,37230
0.91,42403,0,3723,1,0.080712,3723,0.161424,7446,0.40356,18615,0.807119,37230
0.92,42403,0,3724,0,0.080734,3724,0.161467,7448,0.403668,18620,0.807336,37240
0.93,42403,0,3724,0,0.080734,3724,0.161467,7448,0.403668,18620,0.807336,37240
0.94,42403,0,3724,0,0.080734,3724,0.161467,7448,0.403668,18620,0.807336,37240
0.95,42403,0,3724,0,0.080734,3724,0.161467,7448,0.403668,18620,0.807336,37240
