feature,importance
APP_EXT_SOURCES_MEAN,0.021504983260773592
APP_EXT_SOURCES_MIN,0.0181123787609225
APP_EXT_SOURCES_MAX,0.017228456467474673
EXT_SOURCE_2,0.014558589036423134
EXT_SOURCE_3,0.013305321004309938
APP_EXT_SOURCE_2_TO_3_RATIO,0.0105991689589845
DAYS_REGISTRATION,0.009307860976924301
POS_COMPLETION_RATE_MEAN,0.00907077838491806
BURO_DAYS_CREDIT_MAX,0.008924926509397902
APP_EMPLOYED_YEARS,0.008913800361493175
DAYS_EMPLOYED,0.00889552136110106
DAYS_ID_PUBLISH,0.008773513915745662
APP_DAYS_EMPLOYED_TO_BIRTH_RATIO,0.008761888489760323
DAYS_BIRTH,0.008752445872404974
APP_AGE_YEARS,0.00866468578964561
BURO_DAYS_CREDIT_MEAN,0.008579342926169155
APP_INCOME_TO_EMPLOYED_RATIO,0.008535405782703231
BURO_DEBT_TO_CREDIT_RATIO,0.008509509887512829
APP_EXT_SOURCES_PROD,0.008461869426829007
INST_DELAY_MEAN,0.00845635133595576
INST_AMT_PAYMENT_MAX,0.00845099777223381
PREV_DAYS_DECISION_MEAN,0.008391004309719112
POS_CNT_INSTALMENT_FUTURE_MEAN,0.00827156230375804
PREV_APPLICATION_TO_CREDIT_RATIO,0.008210060162206425
APP_EXT_SOURCES_RANGE,0.008078157458000886
APP_ANNUITY_TO_INCOME_PERCENT,0.008028818000552076
APP_ANNUITY_TO_INCOME_RATIO,0.008003272802107383
PREV_DAYS_DECISION_MIN,0.00795163507820882
PREV_DAYS_DECISION_MAX,0.007932786659009499
BURO_DAYS_CREDIT_ENDDATE_MAX,0.007891154118593525
INST_DAYS_ENTRY_PAYMENT_MAX,0.007837818085859006
APP_PAYMENT_RATE,0.007837803957609123
INST_DELAY_MIN,0.007816172560340487
BURO_DAYS_CREDIT_MIN,0.007767945631988075
INST_AMT_PAYMENT_MEAN,0.007738343141612392
EXT_SOURCE_1,0.007659620585188085
APP_GOODS_TO_CREDIT_RATIO,0.007579262016450839
POS_CNT_INSTALMENT_MEAN,0.007453463989780866
DERIVED_TOTAL_DEBT_TO_INCOME_RATIO,0.00744327079194629
DERIVED_TOTAL_PAID_TO_INCOME_RATIO,0.007379392307552804
AMT_ANNUITY,0.007348423390875225
INST_AMT_PAYMENT_SUM,0.0073338187026948
APP_INCOME_TO_CREDIT_RATIO,0.0072192375087713635
APP_CREDIT_PER_PERSON,0.007203528359284552
INST_AMT_INSTALMENT_SUM,0.007190607383861905
APP_CREDIT_TO_INCOME_RATIO,0.007117671308634587
PREV_AMT_ANNUITY_MEAN,0.0071075072334837435
PREV_AMT_CREDIT_MEAN,0.007097436968477817
DERIVED_PREV_APPROVED_TO_CURRENT_CREDIT_RATIO,0.007026147102463736
DERIVED_PAYMENT_DISCIPLINE_SCORE,0.006999920743212679
PREV_AMT_ANNUITY_SUM,0.006995103218783676
PREV_AMT_APPLICATION_MEAN,0.006994875530918904
BURO_AMT_CREDIT_SUM_MEAN,0.006864793120713625
DAYS_LAST_PHONE_CHANGE,0.006783184441542853
REGION_POPULATION_RELATIVE,0.0067523033313428476
APP_INCOME_PER_FAMILY_MEMBER,0.006740691595378473
BURO_AMT_CREDIT_SUM_SUM,0.0067342235306049845
PREV_AMT_CREDIT_SUM,0.0067274515497583775
DERIVED_BURO_TO_CURRENT_CREDIT_RATIO,0.006726295275981283
PREV_CNT_PAYMENT_MEAN,0.006709385472019307
PREV_AMT_APPLICATION_SUM,0.006698460229858689
POS_MONTHS_BALANCE_MIN,0.006693613054082627
INST_DELAY_MAX,0.006643656183401738
PREV_AMT_DOWN_PAYMENT_SUM,0.0065804993836919195
AMT_CREDIT,0.006501944398999474
APP_EXT_SOURCE_1_TO_2_RATIO,0.006487206589105977
PREV_AMT_CREDIT_MAX,0.006452924405111973
INST_PAYMENT_RATIO,0.006444537758253833
PREV_RATE_DOWN_PAYMENT_MEAN,0.006401009316803877
BURO_AMT_CREDIT_SUM_MAX,0.006343303188416116
BURO_AMT_CREDIT_SUM_DEBT_MEAN,0.006191096618172559
PREV_AMT_APPLICATION_MAX,0.006148706721747615
HOUR_APPR_PROCESS_START,0.00610594762589181
BURO_AMT_CREDIT_SUM_DEBT_SUM,0.006055385307822289
PREV_CNT_PAYMENT_SUM,0.006026626634925906
INST_LATE_RATE,0.0059162482624140955
POS_MONTHS_COUNT,0.005908096380861733
POS_RECORD_COUNT,0.005887876543460703
POS_ACTIVE_MONTH_COUNT,0.005813497303104851
AMT_INCOME_TOTAL,0.005797855792972777
INST_RECORD_COUNT,0.005734113657650982
AMT_GOODS_PRICE,0.005571985533020807
INST_AMT_SHORTFALL_SUM,0.005213990156936137
ORGANIZATION_TYPE,0.004938618818816625
POS_MONTHS_BALANCE_MAX,0.0049184467622825695
PREV_REFUSAL_RATE,0.004873899032764052
INST_UNDERPAID_RATE,0.004827418571855142
PREV_APPROVAL_RATE,0.004810665960181128
OWN_CAR_AGE,0.0045173379029939545
BURO_ACTIVE_RATIO,0.004474380886971313
APP_INCOME_PER_CHILD,0.004451240459268329
BURO_RECORD_COUNT,0.004357144717150984
BURO_BAL_MONTH_COUNT_MEAN,0.004324747212777327
BURO_ACTIVE_COUNT,0.004307450479583236
OCCUPATION_TYPE,0.004139941838040589
BURO_BAL_MONTH_COUNT_SUM,0.004028069839326332
APP_MISSING_RATIO,0.003970216630325099
APP_MISSING_COUNT,0.003965531419290089
CC_UTILIZATION_MEAN,0.0038857204659497823
BURO_CLOSED_COUNT,0.003838669489875158
PREV_APPLICATION_COUNT,0.003833885918384722
TOTALAREA_MODE,0.003827207261426033
OBS_30_CNT_SOCIAL_CIRCLE,0.0037050636434495326
BURO_BAL_STATUS_0_SUM,0.003687038068642184
LIVINGAREA_MODE,0.0036755353170998635
LIVINGAREA_AVG,0.003631444897530285
OBS_60_CNT_SOCIAL_CIRCLE,0.0036273060317278246
LIVINGAREA_MEDI,0.0035590790176276916
YEARS_BEGINEXPLUATATION_MODE,0.003508485059070819
YEARS_BEGINEXPLUATATION_AVG,0.0034523673408455636
YEARS_BEGINEXPLUATATION_MEDI,0.00340908572814269
WEEKDAY_APPR_PROCESS_START,0.0033534246745601216
CC_CNT_DRAWINGS_CURRENT_MEAN,0.003330992983022761
INST_LATE_COUNT,0.003325842973632973
AMT_REQ_CREDIT_BUREAU_YEAR,0.003229510997656861
CC_UTILIZATION_MAX,0.0032103824252866144
PREV_REFUSED_COUNT,0.0031753422344181614
APARTMENTS_AVG,0.0031694978896480612
BURO_AMT_ANNUITY_SUM,0.003158804725904067
APARTMENTS_MODE,0.003135434632780714
APARTMENTS_MEDI,0.003125915011137664
BURO_AMT_ANNUITY_MEAN,0.0030441750312950105
BURO_BAL_STATUS_C_SUM,0.0029790937005662534
POS_COMPLETED_MONTH_COUNT,0.0029274751507632098
DERIVED_CARD_UTILIZATION_BURDEN,0.0029062006677620673
LANDAREA_AVG,0.0028718281142865623
LANDAREA_MODE,0.002862603131634747
INST_UNDERPAID_COUNT,0.002840001697115352
BURO_BAL_DPD_RATIO_MEAN,0.0028345655132383995
LANDAREA_MEDI,0.002831318104876661
BASEMENTAREA_MEDI,0.002713153494703646
BASEMENTAREA_MODE,0.0027018586014394635
BASEMENTAREA_AVG,0.002683854649643294
PREV_APPROVED_COUNT,0.002665694103422598
POS_SK_DPD_MEAN,0.0026554601033181705
CC_AMT_CREDIT_LIMIT_MEAN,0.0026367211945007183
CC_AMT_BALANCE_MEAN,0.0026243318525417114
CC_RECORD_COUNT,0.002617528902518544
POS_SK_DPD_DEF_MAX,0.0026115173333365314
PREV_CANCELED_COUNT,0.002570850057768997
CC_MONTHS_COUNT,0.0024979014670377378
YEARS_BUILD_MODE,0.002492519506465882
INST_NUM_INSTALMENT_VERSION_MAX,0.0024796402194004934
NAME_FAMILY_STATUS,0.0024794657716781993
YEARS_BUILD_AVG,0.0024673959605449147
YEARS_BUILD_MEDI,0.0024446029388628513
LIVINGAPARTMENTS_AVG,0.0024272359432463498
LIVINGAPARTMENTS_MEDI,0.0023965748523320316
CNT_FAM_MEMBERS,0.0023962862176091526
CC_AMT_BALANCE_MAX,0.002390836127823195
CC_AMT_TOTAL_RECEIVABLE_MAX,0.0023832240104146164
POS_SK_DPD_MAX,0.002376937540541055
LIVINGAPARTMENTS_MODE,0.0023602452107338895
CC_CNT_DRAWINGS_CURRENT_SUM,0.0023446386795994817
COMMONAREA_MODE,0.0023149991113018803
COMMONAREA_AVG,0.0023036929539992524
NONLIVINGAREA_AVG,0.0022963408584006713
CC_AMT_DRAWINGS_ATM_SUM,0.002273547878256433
COMMONAREA_MEDI,0.0022603240333339695
ENTRANCES_MEDI,0.002259656658388367
ENTRANCES_AVG,0.002245885778180516
NONLIVINGAREA_MEDI,0.0022428819610760885
CC_AMT_PAYMENT_TOTAL_MEAN,0.002242528298565041
CC_AMT_DRAWINGS_CURRENT_MAX,0.002176216124633177
NONLIVINGAREA_MODE,0.002154337634088726
ENTRANCES_MODE,0.0021263099728062837
CC_AMT_PAYMENT_TOTAL_SUM,0.0021135305090660274
BURO_BAL_DPD_COUNT_SUM,0.0020749535918988798
DEF_30_CNT_SOCIAL_CIRCLE,0.0020450326914598564
CC_AMT_CREDIT_LIMIT_MAX,0.0020049491492168943
CC_AMT_DRAWINGS_CURRENT_SUM,0.002001149237347155
APP_CHILDREN_TO_FAMILY_RATIO,0.0019041884262919425
POS_DPD_MONTH_COUNT,0.001898058054189689
FLOORSMAX_AVG,0.0018406486219745485
DEF_60_CNT_SOCIAL_CIRCLE,0.00175826689254869
NAME_HOUSING_TYPE,0.0017556289650773296
POS_SIGNED_MONTH_COUNT,0.0017546790757773589
FLOORSMAX_MEDI,0.0017390441930932505
CC_AMT_BALANCE_MIN,0.0017262004788703308
PREV_TERMINATION_SENTINEL_SUM,0.0017182088425527246
PREV_LAST_DUE_SENTINEL_SUM,0.0016949622338042895
FLOORSMAX_MODE,0.0016724076319552265
CNT_CHILDREN,0.0016513617815452745
NAME_TYPE_SUITE,0.0016054814052201421
AMT_REQ_CREDIT_BUREAU_QRT,0.0015634464175744807
NAME_EDUCATION_TYPE,0.001558161571572006
AMT_REQ_CREDIT_BUREAU_MON,0.0015180095586950326
NAME_INCOME_TYPE,0.001516620360913131
FLOORSMIN_AVG,0.0015043852468773228
REGION_RATING_CLIENT_W_CITY,0.0014890814479726901
REGION_RATING_CLIENT,0.0014708524995188988
FLOORSMIN_MEDI,0.0014659100861431065
CODE_GENDER,0.0014208164366113943
FLOORSMIN_MODE,0.0014186376844778953
NONLIVINGAPARTMENTS_AVG,0.0012501310348193191
WALLSMATERIAL_MODE,0.0012397004705328569
BURO_OVERDUE_TO_CREDIT_RATIO,0.0011801955623324876
NONLIVINGAPARTMENTS_MEDI,0.0011718332678143468
ELEVATORS_MEDI,0.0011573603049784599
BURO_AMT_CREDIT_SUM_OVERDUE_MAX,0.0011541137298655424
BURO_AMT_CREDIT_SUM_OVERDUE_SUM,0.0011510653235560523
ELEVATORS_AVG,0.001147577434561112
NONLIVINGAPARTMENTS_MODE,0.0011452419488975746
CC_SK_DPD_MEAN,0.0010734015533780466
ELEVATORS_MODE,0.0010321037571305314
FLAG_OWN_REALTY,0.0010011506466012026
REG_CITY_NOT_LIVE_CITY,0.0009997330755745066
REG_CITY_NOT_WORK_CITY,0.0009584714451388545
FLAG_WORK_PHONE,0.0009561776241387722
LIVE_CITY_NOT_WORK_CITY,0.000938008443629442
PREV_UNUSED_OFFER_COUNT,0.0009358410473825137
FLAG_DOCUMENT_3,0.0009030823625314807
FLAG_PHONE,0.0008997884536201706
FLAG_OWN_CAR,0.0008971390240834345
HOUSETYPE_MODE,0.0008628438770308784
FONDKAPREMONT_MODE,0.0008147039411353031
EMERGENCYSTATE_MODE,0.0007683847092380216
CC_SK_DPD_MAX,0.0007674722084471701
CC_DPD_MONTH_COUNT,0.0007474146701084727
BURO_CNT_CREDIT_PROLONG_SUM,0.0007380190160242472
APP_DOCUMENT_FLAGS_COUNT,0.0007305655195435306
DERIVED_OVERALL_OVERDUE_FLAG,0.0006298538379498797
CC_SK_DPD_DEF_MAX,0.000623018522621718
AMT_REQ_CREDIT_BUREAU_WEEK,0.000572113180503978
REG_REGION_NOT_WORK_REGION,0.0005680409365992588
LIVE_REGION_NOT_WORK_REGION,0.0005369292825967618
FLAG_DOCUMENT_8,0.0005219118557848427
FLAG_EMAIL,0.0004747387136104311
NAME_CONTRACT_TYPE,0.0004489772383807121
FLAG_DOCUMENT_6,0.0004249902264148666
AMT_REQ_CREDIT_BUREAU_DAY,0.00040804639538470557
FLAG_DOCUMENT_5,0.0004051431502149902
REG_REGION_NOT_LIVE_REGION,0.00039918515062129287
FLAG_DAYS_EMPLOYED_SENTINEL,0.00031622150411287465
AMT_REQ_CREDIT_BUREAU_HOUR,0.00030986251564001186
FLAG_EMP_PHONE,0.00030550303362051646
FLAG_ORGANIZATION_TYPE_XNA,0.0002892275207415568
FLAG_DOCUMENT_9,0.00017623457270189296
FLAG_DOCUMENT_16,0.00017515316180453453
FLAG_DOCUMENT_18,0.0001599985925348023
FLAG_CONT_MOBILE,0.00015012164372173704
FLAG_DOCUMENT_11,9.741852299100884e-05
FLAG_DOCUMENT_14,7.815347529081398e-05
FLAG_DOCUMENT_19,7.509398206505807e-05
FLAG_DOCUMENT_21,6.678147150242575e-05
FLAG_DOCUMENT_13,4.918907485162356e-05
FLAG_DOCUMENT_15,3.561670421195297e-05
FLAG_DOCUMENT_17,3.2374511142643516e-05
FLAG_DOCUMENT_20,2.970170902705717e-05
FLAG_DOCUMENT_7,1.9213464143160724e-05
FLAG_DOCUMENT_2,1.0861013693675373e-05
FLAG_CODE_GENDER_XNA,0.0
FLAG_DOCUMENT_10,0.0
FLAG_DOCUMENT_12,0.0
FLAG_MOBIL,0.0
FLAG_DOCUMENT_4,0.0
