mean_fit_time,std_fit_time,mean_score_time,std_score_time,param_subsample,param_n_estimators,param_min_child_weight,param_max_depth,param_learning_rate,param_colsample_bytree,params,split0_test_score,split1_test_score,split2_test_score,mean_test_score,std_test_score,rank_test_score
27.06658061345418,0.4188073529211089,0.4152065912882487,0.0819787394904731,0.8,500,10,3,0.1,1.0,"{'subsample': 0.8, 'n_estimators': 500, 'min_child_weight': 10, 'max_depth': 3, 'learning_rate': 0.1, 'colsample_bytree': 1.0}",0.2736866656187801,0.2779298851996521,0.27403489924142854,0.27521715001995356,0.0019234544930699137,1
42.345783154169716,0.14508374513553554,0.5619761149088541,0.03862011094412115,1.0,500,10,4,0.05,0.8,"{'subsample': 1.0, 'n_estimators': 500, 'min_child_weight': 10, 'max_depth': 4, 'learning_rate': 0.05, 'colsample_bytree': 0.8}",0.27465279866721076,0.27803481203194425,0.2716600443465802,0.27478255168191174,0.002604104791056921,2
50.8118109703064,0.36748724288515966,0.8833401997884115,0.026493700321707395,0.7,500,1,6,0.02,0.8,"{'subsample': 0.7, 'n_estimators': 500, 'min_child_weight': 1, 'max_depth': 6, 'learning_rate': 0.02, 'colsample_bytree': 0.8}",0.2736161828632646,0.27762947227506896,0.2723888711835765,0.27454484210730334,0.0022379724370795834,3
32.94821039835612,0.14380063360611692,0.7532554467519125,0.0906853469690157,1.0,500,5,4,0.05,1.0,"{'subsample': 1.0, 'n_estimators': 500, 'min_child_weight': 5, 'max_depth': 4, 'learning_rate': 0.05, 'colsample_bytree': 1.0}",0.27380432767838975,0.27800911110147447,0.27140926857029946,0.2744075691167212,0.0027279302940467313,4
28.66643452644348,0.31271046207269876,0.5406556129455566,0.022896333339590045,0.8,300,10,6,0.05,0.8,"{'subsample': 0.8, 'n_estimators': 300, 'min_child_weight': 10, 'max_depth': 6, 'learning_rate': 0.05, 'colsample_bytree': 0.8}",0.2729580088462455,0.2766826873351869,0.2711902513841613,0.2736103158551979,0.0022892271613619564,5
16.790533701578777,0.4098880705032324,0.32033713658650714,0.03277118043403753,1.0,300,5,3,0.1,0.8,"{'subsample': 1.0, 'n_estimators': 300, 'min_child_weight': 5, 'max_depth': 3, 'learning_rate': 0.1, 'colsample_bytree': 0.8}",0.2710478066580522,0.2765806077816738,0.2705786547727176,0.27273568973748125,0.0027255056959271102,6
39.64728124936422,0.23837597390621967,0.6788485844930013,0.01731749926265556,0.8,500,5,5,0.02,0.7,"{'subsample': 0.8, 'n_estimators': 500, 'min_child_weight': 5, 'max_depth': 5, 'learning_rate': 0.02, 'colsample_bytree': 0.7}",0.27243895767626963,0.27505740607279133,0.27020869609666054,0.27256835328190715,0.001981591031675692,7
18.428420464197796,0.39696665945293386,0.3342573642730713,0.03618237477438232,0.7,300,1,3,0.1,1.0,"{'subsample': 0.7, 'n_estimators': 300, 'min_child_weight': 1, 'max_depth': 3, 'learning_rate': 0.1, 'colsample_bytree': 1.0}",0.2714303657455075,0.2748753125913102,0.26997946771614595,0.2720950486843212,0.0020532375763300525,8
17.538090308507282,0.2535990307012782,0.34186577796936035,0.03537009859550159,0.8,200,5,5,0.1,0.7,"{'subsample': 0.8, 'n_estimators': 200, 'min_child_weight': 5, 'max_depth': 5, 'learning_rate': 0.1, 'colsample_bytree': 0.7}",0.27140225847612276,0.2758726316541121,0.2680656190198916,0.2717801697167088,0.003198382325180489,9
22.542751630147297,0.33855567486287547,0.43239569664001465,0.013700346437566232,0.7,200,10,6,0.05,1.0,"{'subsample': 0.7, 'n_estimators': 200, 'min_child_weight': 10, 'max_depth': 6, 'learning_rate': 0.05, 'colsample_bytree': 1.0}",0.2706342006037495,0.27384502656669213,0.26887059163176047,0.2711166062674007,0.002059253448657095,10
25.39231522878011,0.3313727131020407,0.5601024627685547,0.012238528439623041,1.0,300,10,6,0.1,0.8,"{'subsample': 1.0, 'n_estimators': 300, 'min_child_weight': 10, 'max_depth': 6, 'learning_rate': 0.1, 'colsample_bytree': 0.8}",0.2674547680646401,0.27407924600277167,0.26670483825660724,0.269412950774673,0.003313742299986165,11
16.218342383702595,0.06822347650054515,0.31657226880391437,0.0023271800481292266,0.7,200,10,4,0.05,1.0,"{'subsample': 0.7, 'n_estimators': 200, 'min_child_weight': 10, 'max_depth': 4, 'learning_rate': 0.05, 'colsample_bytree': 1.0}",0.2680388202863839,0.27118525369560254,0.2661536316298552,0.2684592352039472,0.0020755507992355707,12
18.960513432820637,0.4511144823300597,0.33211954434712726,0.09068999452499278,0.8,200,5,6,0.1,0.7,"{'subsample': 0.8, 'n_estimators': 200, 'min_child_weight': 5, 'max_depth': 6, 'learning_rate': 0.1, 'colsample_bytree': 0.7}",0.2674737056295428,0.2732461547550757,0.2624380745228784,0.2677193116358323,0.00441579674269153,13
16.234312136967976,0.30240178421358777,0.31785233815511066,0.02614068699857612,0.8,200,10,4,0.05,0.8,"{'subsample': 0.8, 'n_estimators': 200, 'min_child_weight': 10, 'max_depth': 4, 'learning_rate': 0.05, 'colsample_bytree': 0.8}",0.26754975400150294,0.26925742276342696,0.2646744153233693,0.26716053069609974,0.0018911390544691382,14
36.53733801841736,0.36868408775207956,0.7104916572570801,0.06087563701864544,0.8,500,1,5,0.1,0.7,"{'subsample': 0.8, 'n_estimators': 500, 'min_child_weight': 1, 'max_depth': 5, 'learning_rate': 0.1, 'colsample_bytree': 0.7}",0.26615142500950345,0.2706562675304308,0.26365084256536586,0.2668195117017667,0.002898706562885508,15
29.285494327545166,0.11540475310383011,0.4846976598103841,0.0362295775402618,0.7,300,5,5,0.02,1.0,"{'subsample': 0.7, 'n_estimators': 300, 'min_child_weight': 5, 'max_depth': 5, 'learning_rate': 0.02, 'colsample_bytree': 1.0}",0.2666984263288405,0.2686870668680436,0.2647606359751798,0.266715376390688,0.0016030035074938373,16
27.95968770980835,0.13479703587242442,0.5203101634979248,0.03912873352808913,0.8,300,10,6,0.1,1.0,"{'subsample': 0.8, 'n_estimators': 300, 'min_child_weight': 10, 'max_depth': 6, 'learning_rate': 0.1, 'colsample_bytree': 1.0}",0.26571979956310676,0.2688475360678402,0.2637199101585201,0.266095748596489,0.002110156411779065,17
22.978802760442097,0.05509664782383169,0.4111364682515462,0.01101042808999599,0.7,300,1,4,0.02,0.7,"{'subsample': 0.7, 'n_estimators': 300, 'min_child_weight': 1, 'max_depth': 4, 'learning_rate': 0.02, 'colsample_bytree': 0.7}",0.26145088753971596,0.2639176056974146,0.26024703728015436,0.26187184350576165,0.001527780758804358,18
12.467129071553549,0.21777786648113098,0.18298069636027017,0.021998895130914204,1.0,200,5,3,0.05,1.0,"{'subsample': 1.0, 'n_estimators': 200, 'min_child_weight': 5, 'max_depth': 3, 'learning_rate': 0.05, 'colsample_bytree': 1.0}",0.26019733223755237,0.26350887811677814,0.2600226943481853,0.2612429682341719,0.0016038256960925201,19
21.106908003489178,0.17429053881291431,0.3745705286661784,0.008985935359111028,0.7,200,10,5,0.02,1.0,"{'subsample': 0.7, 'n_estimators': 200, 'min_child_weight': 10, 'max_depth': 5, 'learning_rate': 0.02, 'colsample_bytree': 1.0}",0.26041776900251895,0.2629902506533975,0.2582746482785214,0.2605608893114793,0.0019277947689198074,20
