feature,mean_abs_shap_F,rank_F,mean_abs_shap_M,rank_M
APP_EXT_SOURCES_MEAN,0.4420289993286133,1,0.44815999269485474,1
POS_COMPLETION_RATE_MEAN,0.12453100085258484,2,0.1055779978632927,4
DERIVED_PAYMENT_DISCIPLINE_SCORE,0.10504200309515,3,0.1013989970088005,6
APP_PAYMENT_RATE,0.10489699989557266,4,0.10876400023698807,3
CODE_GENDER,0.10257700085639954,5,0.1561949998140335,2
APP_GOODS_TO_CREDIT_RATIO,0.09398499876260757,6,0.10453200340270996,5
AMT_ANNUITY,0.08782599866390228,7,0.09072499722242355,9
NAME_EDUCATION_TYPE,0.08570600301027298,8,0.09962199628353119,8
INST_AMT_PAYMENT_SUM,0.07727199792861938,9,0.07145900279283524,11
BURO_DEBT_TO_CREDIT_RATIO,0.07418999820947647,10,0.07440000027418137,10
OWN_CAR_AGE,0.05819699913263321,12,0.10008300095796585,7
