feature,shap_mean_abs,shap_rank,native_importance,native_rank
APP_EXT_SOURCES_MEAN,0.444027,1,0.112852,1
CODE_GENDER,0.120056,2,0.011871,10
POS_COMPLETION_RATE_MEAN,0.118352,3,0.007793,23
APP_PAYMENT_RATE,0.106158,4,0.007393,24
DERIVED_PAYMENT_DISCIPLINE_SCORE,0.103854,5,0.016888,4
APP_GOODS_TO_CREDIT_RATIO,0.097423,6,0.013652,7
NAME_EDUCATION_TYPE,0.090243,7,0.020898,2
AMT_ANNUITY,0.088771,8,0.005766,36
INST_AMT_PAYMENT_SUM,0.075377,9,0.008594,19
BURO_DEBT_TO_CREDIT_RATIO,0.074259,10,0.010407,13
OWN_CAR_AGE,0.071852,11,0.007141,25
DERIVED_TOTAL_PAID_TO_INCOME_RATIO,0.060542,12,0.004969,43
PREV_REFUSAL_RATE,0.055272,13,0.013464,8
AMT_GOODS_PRICE,0.054314,14,0.004679,54
APP_EMPLOYED_YEARS,0.053841,15,0.010962,11
APP_ANNUITY_TO_INCOME_PERCENT,0.052481,16,0.005297,41
CC_CNT_DRAWINGS_CURRENT_MEAN,0.051071,17,0.008913,16
PREV_CNT_PAYMENT_MEAN,0.050138,18,0.006864,27
NAME_FAMILY_STATUS,0.0492,19,0.003615,77
PREV_APPLICATION_TO_CREDIT_RATIO,0.045936,20,0.004698,52
