threshold,precision,recall,f1,f2,f0_5,accuracy,specificity,balanced_accuracy,false_positive_rate,false_negative_rate,tn,fp,fn,tp
0.05,0.140372,0.851504,0.241012,0.422958,0.16852,0.567021,0.542037,0.69677,0.457963,0.148496,22984,19419,553,3171
0.06,0.155085,0.81203,0.260431,0.439599,0.185022,0.627658,0.611466,0.711748,0.388534,0.18797,25928,16475,700,3024
0.07,0.167462,0.762889,0.274639,0.445843,0.198438,0.674659,0.66691,0.7149,0.33309,0.237111,28279,14124,883,2841
0.08,0.180945,0.723147,0.289461,0.452164,0.212865,0.713378,0.71252,0.717834,0.28748,0.276853,30213,12190,1031,2693
0.09,0.194241,0.682868,0.30245,0.454302,0.226681,0.745702,0.75122,0.717044,0.24878,0.317132,31854,10549,1181,2543
0.1,0.206546,0.643931,0.312769,0.45235,0.239016,0.771544,0.782751,0.713341,0.217249,0.356069,33191,9212,1326,2398
0.11,0.22004,0.613856,0.323957,0.452047,0.252429,0.793158,0.808905,0.711381,0.191095,0.386144,34300,8103,1438,2286
0.12,0.233091,0.584855,0.333333,0.449257,0.264964,0.81113,0.831003,0.707929,0.168997,0.415145,35237,7166,1546,2178
0.13,0.245247,0.554243,0.340033,0.44269,0.276024,0.826306,0.850199,0.702221,0.149801,0.445757,36051,6352,1660,2064
0.14,0.257075,0.524436,0.345023,0.434135,0.286263,0.839248,0.866896,0.695666,0.133104,0.475564,36759,5644,1771,1953
0.15,0.26654,0.490064,0.345284,0.419675,0.293295,0.849958,0.881565,0.685815,0.118435,0.509936,37381,5022,1899,1825
0.16,0.281038,0.468045,0.351199,0.413072,0.305447,0.860385,0.894842,0.681444,0.105158,0.531955,37944,4459,1981,1743
0.17,0.292253,0.440655,0.351429,0.400029,0.313359,0.868689,0.90628,0.673468,0.09372,0.559345,38429,3974,2083,1641
0.18,0.302877,0.418367,0.351376,0.388723,0.320576,0.875301,0.915431,0.666899,0.084569,0.581633,38817,3586,2166,1558
0.19,0.311622,0.393126,0.347661,0.373584,0.325102,0.880894,0.923732,0.658429,0.076268,0.606874,39169,3234,2260,1464
0.2,0.318582,0.369227,0.34204,0.357849,0.327568,0.885317,0.930642,0.649934,0.069358,0.630773,39462,2941,2349,1375
0.21,0.328951,0.349356,0.338846,0.345075,0.332839,0.889934,0.93741,0.643383,0.06259,0.650644,39749,2654,2423,1301
0.22,0.339364,0.332438,0.335865,0.333801,0.337956,0.893858,0.943164,0.637801,0.056836,0.667562,39993,2410,2486,1238
0.23,0.346142,0.31203,0.328202,0.318304,0.338736,0.896872,0.948235,0.630132,0.051765,0.68797,40208,2195,2562,1162
0.24,0.351894,0.29189,0.319096,0.302196,0.337998,0.89943,0.952786,0.622338,0.047214,0.70811,40401,2002,2637,1087
0.25,0.363444,0.276584,0.31412,0.290468,0.341965,0.902487,0.957456,0.61702,0.042544,0.723416,40599,1804,2694,1030
0.26,0.369248,0.258593,0.304169,0.27508,0.340138,0.904481,0.961206,0.609899,0.038794,0.741407,40758,1645,2761,963
0.27,0.378277,0.244092,0.296719,0.262732,0.340807,0.906584,0.964767,0.60443,0.035233,0.755908,40909,1494,2815,909
0.28,0.378863,0.227175,0.284036,0.24695,0.334229,0.907538,0.96729,0.597233,0.03271,0.772825,41016,1387,2878,846
0.29,0.390963,0.213749,0.276389,0.235058,0.335356,0.909641,0.970757,0.592253,0.029243,0.786251,41163,1240,2928,796
0.3,0.400424,0.203008,0.269423,0.225214,0.335225,0.911115,0.973304,0.588156,0.026696,0.796992,41271,1132,2968,756
0.31,0.404255,0.188776,0.257368,0.211301,0.32912,0.912047,0.975568,0.582172,0.024432,0.811224,41367,1036,3021,703
0.32,0.420755,0.179646,0.251788,0.202899,0.331714,0.913803,0.97828,0.578963,0.02172,0.820354,41482,921,3055,669
0.33,0.429932,0.16971,0.243358,0.193083,0.32903,0.9148,0.980237,0.574974,0.019763,0.83029,41565,838,3092,632
0.34,0.43787,0.158969,0.233255,0.182176,0.324135,0.915624,0.982077,0.570523,0.017923,0.841031,41643,760,3132,592
0.35,0.446129,0.150107,0.224633,0.173076,0.31994,0.91634,0.983633,0.56687,0.016367,0.849893,41709,694,3165,559
0.36,0.451115,0.141246,0.215133,0.163741,0.313543,0.916795,0.984907,0.563076,0.015093,0.858754,41763,640,3198,526
0.37,0.452848,0.130236,0.202294,0.151876,0.302822,0.917077,0.98618,0.558208,0.01382,0.869764,41817,586,3239,485
0.38,0.463415,0.122449,0.193713,0.143577,0.29765,0.917705,0.987548,0.554999,0.012452,0.877551,41875,528,3268,456
0.39,0.477679,0.11493,0.185281,0.135512,0.29283,0.918399,0.988963,0.551947,0.011037,0.88507,41935,468,3296,428
0.4,0.492718,0.109023,0.17854,0.129135,0.289174,0.919006,0.990142,0.549582,0.009858,0.890977,41985,418,3318,406
0.41,0.503947,0.102846,0.17083,0.122317,0.283116,0.919396,0.991109,0.546978,0.008891,0.897154,42026,377,3341,383
0.42,0.516129,0.094522,0.159782,0.11298,0.272784,0.919743,0.992218,0.54337,0.007782,0.905478,42073,330,3372,352
0.43,0.514729,0.089151,0.15198,0.106814,0.263325,0.919678,0.992618,0.540885,0.007382,0.910849,42090,313,3392,332
0.44,0.517766,0.08217,0.141831,0.098793,0.251314,0.919722,0.993279,0.537724,0.006721,0.91783,42118,285,3418,306
0.45,0.51756,0.075188,0.131301,0.090691,0.237772,0.919678,0.993845,0.534516,0.006155,0.924812,42142,261,3444,280
0.46,0.537832,0.070623,0.124852,0.085473,0.231514,0.920069,0.99467,0.532647,0.00533,0.929377,42177,226,3461,263
0.47,0.545055,0.066595,0.118689,0.080776,0.223665,0.920155,0.995118,0.530857,0.004882,0.933405,42196,207,3476,248
0.48,0.56068,0.06203,0.111702,0.075451,0.215004,0.92035,0.995731,0.528881,0.004269,0.93797,42222,181,3493,231
0.49,0.579088,0.058002,0.105443,0.070732,0.207055,0.920545,0.996297,0.52715,0.003703,0.941998,42246,157,3508,216
0.5,0.586626,0.051826,0.095238,0.063383,0.191468,0.920502,0.996793,0.524309,0.003207,0.948174,42267,136,3531,193
0.51,0.592715,0.048067,0.088922,0.058889,0.181468,0.92048,0.997099,0.522583,0.002901,0.951933,42280,123,3545,179
0.52,0.594306,0.044844,0.083396,0.055017,0.172236,0.920415,0.997312,0.521078,0.002688,0.955156,42289,114,3557,167
0.53,0.587549,0.040548,0.07586,0.049825,0.15888,0.920242,0.9975,0.519024,0.0025,0.959452,42297,106,3573,151
0.54,0.590517,0.036788,0.069262,0.04528,0.147248,0.920177,0.99776,0.517274,0.00224,0.963212,42308,95,3587,137
0.55,0.600985,0.03276,0.062134,0.0404,0.13448,0.920155,0.99809,0.515425,0.00191,0.96724,42322,81,3602,122
0.56,0.617021,0.031149,0.059305,0.038451,0.12958,0.92022,0.998302,0.514726,0.001698,0.968851,42331,72,3608,116
0.57,0.636905,0.028733,0.054985,0.035515,0.121702,0.920264,0.998561,0.513647,0.001439,0.971267,42342,61,3617,107
0.58,0.653061,0.025779,0.0496,0.031909,0.111317,0.920242,0.998797,0.512288,0.001203,0.974221,42352,51,3628,96
0.59,0.647059,0.023631,0.045596,0.029271,0.103093,0.920134,0.998868,0.511249,0.001132,0.976369,42355,48,3636,88
0.6,0.642276,0.021214,0.041071,0.0263,0.093691,0.920025,0.998962,0.510088,0.001038,0.978786,42359,44,3645,79
0.61,0.646018,0.019603,0.038051,0.024319,0.087404,0.919982,0.999057,0.50933,0.000943,0.980397,42363,40,3651,73
0.62,0.631068,0.017454,0.033969,0.021668,0.078578,0.919852,0.999104,0.508279,0.000896,0.982546,42365,38,3659,65
0.63,0.644444,0.015575,0.030414,0.019351,0.071009,0.91983,0.999245,0.50741,0.000755,0.984425,42371,32,3666,58
0.64,0.653846,0.013695,0.026828,0.01703,0.063181,0.919787,0.999363,0.506529,0.000637,0.986305,42376,27,3673,51
0.65,0.714286,0.013426,0.026357,0.016705,0.062438,0.919917,0.999528,0.506477,0.000472,0.986574,42383,20,3674,50
0.66,0.741935,0.012352,0.0243,0.015376,0.057905,0.919917,0.999623,0.505987,0.000377,0.987648,42387,16,3678,46
0.67,0.8,0.010741,0.021198,0.013382,0.050968,0.919917,0.999764,0.505253,0.000236,0.989259,42393,10,3684,40
0.68,0.756098,0.008324,0.016467,0.010377,0.039866,0.919722,0.999764,0.504044,0.000236,0.991676,42393,10,3693,31
0.69,0.789474,0.008056,0.015949,0.010044,0.0387,0.919743,0.999811,0.503934,0.000189,0.991944,42395,8,3694,30
0.7,0.806452,0.006713,0.013316,0.008374,0.032484,0.919678,0.999859,0.503286,0.000141,0.993287,42397,6,3699,25
0.71,0.8,0.006445,0.012786,0.00804,0.031217,0.919657,0.999859,0.503152,0.000141,0.993555,42397,6,3700,24
0.72,0.84,0.005639,0.011203,0.007037,0.027458,0.919635,0.999906,0.502772,9.4e-05,0.994361,42399,4,3703,21
0.73,0.826087,0.005102,0.010141,0.006368,0.024895,0.919592,0.999906,0.502504,9.4e-05,0.994898,42399,4,3705,19
0.74,0.857143,0.004834,0.009613,0.006033,0.023634,0.919592,0.999929,0.502381,7.1e-05,0.995166,42400,3,3706,18
0.75,0.875,0.003759,0.007487,0.004694,0.018479,0.919527,0.999953,0.501856,4.7e-05,0.996241,42401,2,3710,14
0.76,0.928571,0.003491,0.006956,0.004359,0.017196,0.919527,0.999976,0.501734,2.4e-05,0.996509,42402,1,3711,13
0.77,0.923077,0.003222,0.006422,0.004024,0.01589,0.919505,0.999976,0.501599,2.4e-05,0.996778,42402,1,3712,12
0.78,0.9,0.002417,0.004821,0.003019,0.011955,0.91944,0.999976,0.501197,2.4e-05,0.997583,42402,1,3715,9
0.79,0.888889,0.002148,0.004286,0.002684,0.010638,0.919418,0.999976,0.501062,2.4e-05,0.997852,42402,1,3716,8
0.8,0.857143,0.001611,0.003216,0.002013,0.007996,0.919375,0.999976,0.500794,2.4e-05,0.998389,42402,1,3718,6
0.81,1.0,0.001074,0.002146,0.001342,0.005348,0.919353,1.0,0.500537,0.0,0.998926,42403,0,3720,4
0.82,1.0,0.000537,0.001074,0.000671,0.00268,0.91931,1.0,0.500269,0.0,0.999463,42403,0,3722,2
0.83,1.0,0.000537,0.001074,0.000671,0.00268,0.91931,1.0,0.500269,0.0,0.999463,42403,0,3722,2
0.84,1.0,0.000537,0.001074,0.000671,0.00268,0.91931,1.0,0.500269,0.0,0.999463,42403,0,3722,2
0.85,1.0,0.000537,0.001074,0.000671,0.00268,0.91931,1.0,0.500269,0.0,0.999463,42403,0,3722,2
0.86,1.0,0.000269,0.000537,0.000336,0.001341,0.919288,1.0,0.500134,0.0,0.999731,42403,0,3723,1
0.87,1.0,0.000269,0.000537,0.000336,0.001341,0.919288,1.0,0.500134,0.0,0.999731,42403,0,3723,1
0.88,1.0,0.000269,0.000537,0.000336,0.001341,0.919288,1.0,0.500134,0.0,0.999731,42403,0,3723,1
0.89,1.0,0.000269,0.000537,0.000336,0.001341,0.919288,1.0,0.500134,0.0,0.999731,42403,0,3723,1
0.9,1.0,0.000269,0.000537,0.000336,0.001341,0.919288,1.0,0.500134,0.0,0.999731,42403,0,3723,1
0.91,1.0,0.000269,0.000537,0.000336,0.001341,0.919288,1.0,0.500134,0.0,0.999731,42403,0,3723,1
0.92,0.0,0.0,0.0,0.0,0.0,0.919266,1.0,0.5,0.0,1.0,42403,0,3724,0
0.93,0.0,0.0,0.0,0.0,0.0,0.919266,1.0,0.5,0.0,1.0,42403,0,3724,0
0.94,0.0,0.0,0.0,0.0,0.0,0.919266,1.0,0.5,0.0,1.0,42403,0,3724,0
0.95,0.0,0.0,0.0,0.0,0.0,0.919266,1.0,0.5,0.0,1.0,42403,0,3724,0
